link_element,persistent_id,fname,download_link
"<a href=""/file.xhtml?persistentId=doi:10.57745/7XMGCR&amp;version=1.0"">
                velocity0-99.feather
            </a>",7XMGCR,velocity0-99.feather,https://entrepot.recherche.data.gouv.fr/api/access/datafile/:persistentId?persistentId=doi:10.57745/7XMGCR
"<a href=""/file.xhtml?persistentId=doi:10.57745/JZBA9R&amp;version=1.0"">
                velocity100-199.feather
            </a>",JZBA9R,velocity100-199.feather,https://entrepot.recherche.data.gouv.fr/api/access/datafile/:persistentId?persistentId=doi:10.57745/JZBA9R
"<a href=""/file.xhtml?persistentId=doi:10.57745/QGQNSJ&amp;version=1.0"">
                velocity1000-1099.feather
            </a>",QGQNSJ,velocity1000-1099.feather,https://entrepot.recherche.data.gouv.fr/api/access/datafile/:persistentId?persistentId=doi:10.57745/QGQNSJ
"<a href=""/file.xhtml?persistentId=doi:10.57745/HWDFKC&amp;version=1.0"">
                velocity10000-10099.feather
            </a>",HWDFKC,velocity10000-10099.feather,https://entrepot.recherche.data.gouv.fr/api/access/datafile/:persistentId?persistentId=doi:10.57745/HWDFKC
"<a href=""/file.xhtml?persistentId=doi:10.57745/SXTQKG&amp;version=1.0"">
                velocity10100-10199.feather
            </a>",SXTQKG,velocity10100-10199.feather,https://entrepot.recherche.data.gouv.fr/api/access/datafile/:persistentId?persistentId=doi:10.57745/SXTQKG
"<a href=""/file.xhtml?persistentId=doi:10.57745/TGDYMN&amp;version=1.0"">
                velocity10200-10299.feather
            </a>",TGDYMN,velocity10200-10299.feather,https://entrepot.recherche.data.gouv.fr/api/access/datafile/:persistentId?persistentId=doi:10.57745/TGDYMN
"<a href=""/file.xhtml?persistentId=doi:10.57745/NFLH6U&amp;version=1.0"">
                velocity10300-10399.feather
            </a>",NFLH6U,velocity10300-10399.feather,https://entrepot.recherche.data.gouv.fr/api/access/datafile/:persistentId?persistentId=doi:10.57745/NFLH6U
"<a href=""/file.xhtml?persistentId=doi:10.57745/JI6TOC&amp;version=1.0"">
                velocity10400-10499.feather
            </a>",JI6TOC,velocity10400-10499.feather,https://entrepot.recherche.data.gouv.fr/api/access/datafile/:persistentId?persistentId=doi:10.57745/JI6TOC
"<a href=""/file.xhtml?persistentId=doi:10.57745/YGIBHU&amp;version=1.0"">
                velocity10500-10599.feather
            </a>",YGIBHU,velocity10500-10599.feather,https://entrepot.recherche.data.gouv.fr/api/access/datafile/:persistentId?persistentId=doi:10.57745/YGIBHU
"<a href=""/file.xhtml?persistentId=doi:10.57745/Z6RZT4&amp;version=1.0"">
                velocity10600-10699.feather
            </a>",Z6RZT4,velocity10600-10699.feather,https://entrepot.recherche.data.gouv.fr/api/access/datafile/:persistentId?persistentId=doi:10.57745/Z6RZT4
"<a href=""/file.xhtml?persistentId=doi:10.57745/OU77S5&amp;version=1.0"">
                velocity10700-10799.feather
            </a>",OU77S5,velocity10700-10799.feather,https://entrepot.recherche.data.gouv.fr/api/access/datafile/:persistentId?persistentId=doi:10.57745/OU77S5
"<a href=""/file.xhtml?persistentId=doi:10.57745/OAJV3C&amp;version=1.0"">
                velocity10800-10899.feather
            </a>",OAJV3C,velocity10800-10899.feather,https://entrepot.recherche.data.gouv.fr/api/access/datafile/:persistentId?persistentId=doi:10.57745/OAJV3C
"<a href=""/file.xhtml?persistentId=doi:10.57745/NSKE9L&amp;version=1.0"">
                velocity10900-10999.feather
            </a>",NSKE9L,velocity10900-10999.feather,https://entrepot.recherche.data.gouv.fr/api/access/datafile/:persistentId?persistentId=doi:10.57745/NSKE9L
"<a href=""/file.xhtml?persistentId=doi:10.57745/JYS2N4&amp;version=1.0"">
                velocity1100-1199.feather
            </a>",JYS2N4,velocity1100-1199.feather,https://entrepot.recherche.data.gouv.fr/api/access/datafile/:persistentId?persistentId=doi:10.57745/JYS2N4
"<a href=""/file.xhtml?persistentId=doi:10.57745/JDYNWZ&amp;version=1.0"">
                velocity11000-11099.feather
            </a>",JDYNWZ,velocity11000-11099.feather,https://entrepot.recherche.data.gouv.fr/api/access/datafile/:persistentId?persistentId=doi:10.57745/JDYNWZ
"<a href=""/file.xhtml?persistentId=doi:10.57745/QSTYI3&amp;version=1.0"">
                velocity11100-11199.feather
            </a>",QSTYI3,velocity11100-11199.feather,https://entrepot.recherche.data.gouv.fr/api/access/datafile/:persistentId?persistentId=doi:10.57745/QSTYI3
"<a href=""/file.xhtml?persistentId=doi:10.57745/JZNYVM&amp;version=1.0"">
                velocity11200-11299.feather
            </a>",JZNYVM,velocity11200-11299.feather,https://entrepot.recherche.data.gouv.fr/api/access/datafile/:persistentId?persistentId=doi:10.57745/JZNYVM
"<a href=""/file.xhtml?persistentId=doi:10.57745/PXQPU7&amp;version=1.0"">
                velocity11300-11399.feather
            </a>",PXQPU7,velocity11300-11399.feather,https://entrepot.recherche.data.gouv.fr/api/access/datafile/:persistentId?persistentId=doi:10.57745/PXQPU7
"<a href=""/file.xhtml?persistentId=doi:10.57745/MB0CUQ&amp;version=1.0"">
                velocity11400-11499.feather
            </a>",MB0CUQ,velocity11400-11499.feather,https://entrepot.recherche.data.gouv.fr/api/access/datafile/:persistentId?persistentId=doi:10.57745/MB0CUQ
"<a href=""/file.xhtml?persistentId=doi:10.57745/FTO3JA&amp;version=1.0"">
                velocity11500-11599.feather
            </a>",FTO3JA,velocity11500-11599.feather,https://entrepot.recherche.data.gouv.fr/api/access/datafile/:persistentId?persistentId=doi:10.57745/FTO3JA
"<a href=""/file.xhtml?persistentId=doi:10.57745/FLVMQY&amp;version=1.0"">
                velocity11600-11699.feather
            </a>",FLVMQY,velocity11600-11699.feather,https://entrepot.recherche.data.gouv.fr/api/access/datafile/:persistentId?persistentId=doi:10.57745/FLVMQY
"<a href=""/file.xhtml?persistentId=doi:10.57745/4LNM6D&amp;version=1.0"">
                velocity11700-11799.feather
            </a>",4LNM6D,velocity11700-11799.feather,https://entrepot.recherche.data.gouv.fr/api/access/datafile/:persistentId?persistentId=doi:10.57745/4LNM6D
"<a href=""/file.xhtml?persistentId=doi:10.57745/RTD7QD&amp;version=1.0"">
                velocity11800-11899.feather
            </a>",RTD7QD,velocity11800-11899.feather,https://entrepot.recherche.data.gouv.fr/api/access/datafile/:persistentId?persistentId=doi:10.57745/RTD7QD
"<a href=""/file.xhtml?persistentId=doi:10.57745/DQDZHI&amp;version=1.0"">
                velocity11900-11999.feather
            </a>",DQDZHI,velocity11900-11999.feather,https://entrepot.recherche.data.gouv.fr/api/access/datafile/:persistentId?persistentId=doi:10.57745/DQDZHI
"<a href=""/file.xhtml?persistentId=doi:10.57745/2AISF5&amp;version=1.0"">
                velocity1200-1299.feather
            </a>",2AISF5,velocity1200-1299.feather,https://entrepot.recherche.data.gouv.fr/api/access/datafile/:persistentId?persistentId=doi:10.57745/2AISF5
"<a href=""/file.xhtml?persistentId=doi:10.57745/IFFUPG&amp;version=1.0"">
                velocity12000-12099.feather
            </a>",IFFUPG,velocity12000-12099.feather,https://entrepot.recherche.data.gouv.fr/api/access/datafile/:persistentId?persistentId=doi:10.57745/IFFUPG
"<a href=""/file.xhtml?persistentId=doi:10.57745/GUPPSM&amp;version=1.0"">
                velocity12100-12199.feather
            </a>",GUPPSM,velocity12100-12199.feather,https://entrepot.recherche.data.gouv.fr/api/access/datafile/:persistentId?persistentId=doi:10.57745/GUPPSM
"<a href=""/file.xhtml?persistentId=doi:10.57745/BE7TEU&amp;version=1.0"">
                velocity12200-12299.feather
            </a>",BE7TEU,velocity12200-12299.feather,https://entrepot.recherche.data.gouv.fr/api/access/datafile/:persistentId?persistentId=doi:10.57745/BE7TEU
"<a href=""/file.xhtml?persistentId=doi:10.57745/KJLOER&amp;version=1.0"">
                velocity12300-12399.feather
            </a>",KJLOER,velocity12300-12399.feather,https://entrepot.recherche.data.gouv.fr/api/access/datafile/:persistentId?persistentId=doi:10.57745/KJLOER
"<a href=""/file.xhtml?persistentId=doi:10.57745/W8D5GL&amp;version=1.0"">
                velocity12400-12499.feather
            </a>",W8D5GL,velocity12400-12499.feather,https://entrepot.recherche.data.gouv.fr/api/access/datafile/:persistentId?persistentId=doi:10.57745/W8D5GL
"<a href=""/file.xhtml?persistentId=doi:10.57745/4JQVQR&amp;version=1.0"">
                velocity12500-12599.feather
            </a>",4JQVQR,velocity12500-12599.feather,https://entrepot.recherche.data.gouv.fr/api/access/datafile/:persistentId?persistentId=doi:10.57745/4JQVQR
"<a href=""/file.xhtml?persistentId=doi:10.57745/KOZEUT&amp;version=1.0"">
                velocity12600-12699.feather
            </a>",KOZEUT,velocity12600-12699.feather,https://entrepot.recherche.data.gouv.fr/api/access/datafile/:persistentId?persistentId=doi:10.57745/KOZEUT
"<a href=""/file.xhtml?persistentId=doi:10.57745/NHRRBM&amp;version=1.0"">
                velocity12700-12799.feather
            </a>",NHRRBM,velocity12700-12799.feather,https://entrepot.recherche.data.gouv.fr/api/access/datafile/:persistentId?persistentId=doi:10.57745/NHRRBM
"<a href=""/file.xhtml?persistentId=doi:10.57745/I8X7QT&amp;version=1.0"">
                velocity12800-12899.feather
            </a>",I8X7QT,velocity12800-12899.feather,https://entrepot.recherche.data.gouv.fr/api/access/datafile/:persistentId?persistentId=doi:10.57745/I8X7QT
"<a href=""/file.xhtml?persistentId=doi:10.57745/1GVTAT&amp;version=1.0"">
                velocity12900-12999.feather
            </a>",1GVTAT,velocity12900-12999.feather,https://entrepot.recherche.data.gouv.fr/api/access/datafile/:persistentId?persistentId=doi:10.57745/1GVTAT
"<a href=""/file.xhtml?persistentId=doi:10.57745/VZMUIP&amp;version=1.0"">
                velocity1300-1399.feather
            </a>",VZMUIP,velocity1300-1399.feather,https://entrepot.recherche.data.gouv.fr/api/access/datafile/:persistentId?persistentId=doi:10.57745/VZMUIP
"<a href=""/file.xhtml?persistentId=doi:10.57745/RAKWLM&amp;version=1.0"">
                velocity13000-13099.feather
            </a>",RAKWLM,velocity13000-13099.feather,https://entrepot.recherche.data.gouv.fr/api/access/datafile/:persistentId?persistentId=doi:10.57745/RAKWLM
"<a href=""/file.xhtml?persistentId=doi:10.57745/25BP6W&amp;version=1.0"">
                velocity13100-13199.feather
            </a>",25BP6W,velocity13100-13199.feather,https://entrepot.recherche.data.gouv.fr/api/access/datafile/:persistentId?persistentId=doi:10.57745/25BP6W
"<a href=""/file.xhtml?persistentId=doi:10.57745/19L8OP&amp;version=1.0"">
                velocity13200-13299.feather
            </a>",19L8OP,velocity13200-13299.feather,https://entrepot.recherche.data.gouv.fr/api/access/datafile/:persistentId?persistentId=doi:10.57745/19L8OP
"<a href=""/file.xhtml?persistentId=doi:10.57745/OKY5F8&amp;version=1.0"">
                velocity13300-13399.feather
            </a>",OKY5F8,velocity13300-13399.feather,https://entrepot.recherche.data.gouv.fr/api/access/datafile/:persistentId?persistentId=doi:10.57745/OKY5F8
"<a href=""/file.xhtml?persistentId=doi:10.57745/3GOUIF&amp;version=1.0"">
                velocity13400-13499.feather
            </a>",3GOUIF,velocity13400-13499.feather,https://entrepot.recherche.data.gouv.fr/api/access/datafile/:persistentId?persistentId=doi:10.57745/3GOUIF
"<a href=""/file.xhtml?persistentId=doi:10.57745/FZKCPW&amp;version=1.0"">
                velocity13500-13599.feather
            </a>",FZKCPW,velocity13500-13599.feather,https://entrepot.recherche.data.gouv.fr/api/access/datafile/:persistentId?persistentId=doi:10.57745/FZKCPW
"<a href=""/file.xhtml?persistentId=doi:10.57745/6BNRSG&amp;version=1.0"">
                velocity13600-13699.feather
            </a>",6BNRSG,velocity13600-13699.feather,https://entrepot.recherche.data.gouv.fr/api/access/datafile/:persistentId?persistentId=doi:10.57745/6BNRSG
"<a href=""/file.xhtml?persistentId=doi:10.57745/0T5CJJ&amp;version=1.0"">
                velocity13700-13799.feather
            </a>",0T5CJJ,velocity13700-13799.feather,https://entrepot.recherche.data.gouv.fr/api/access/datafile/:persistentId?persistentId=doi:10.57745/0T5CJJ
"<a href=""/file.xhtml?persistentId=doi:10.57745/IKK2EE&amp;version=1.0"">
                velocity13800-13899.feather
            </a>",IKK2EE,velocity13800-13899.feather,https://entrepot.recherche.data.gouv.fr/api/access/datafile/:persistentId?persistentId=doi:10.57745/IKK2EE
"<a href=""/file.xhtml?persistentId=doi:10.57745/5GZG57&amp;version=1.0"">
                velocity13900-13999.feather
            </a>",5GZG57,velocity13900-13999.feather,https://entrepot.recherche.data.gouv.fr/api/access/datafile/:persistentId?persistentId=doi:10.57745/5GZG57
"<a href=""/file.xhtml?persistentId=doi:10.57745/EFHJHO&amp;version=1.0"">
                velocity1400-1499.feather
            </a>",EFHJHO,velocity1400-1499.feather,https://entrepot.recherche.data.gouv.fr/api/access/datafile/:persistentId?persistentId=doi:10.57745/EFHJHO
"<a href=""/file.xhtml?persistentId=doi:10.57745/L5XWNV&amp;version=1.0"">
                velocity14000-14099.feather
            </a>",L5XWNV,velocity14000-14099.feather,https://entrepot.recherche.data.gouv.fr/api/access/datafile/:persistentId?persistentId=doi:10.57745/L5XWNV
"<a href=""/file.xhtml?persistentId=doi:10.57745/NAXUI1&amp;version=1.0"">
                velocity14100-14199.feather
            </a>",NAXUI1,velocity14100-14199.feather,https://entrepot.recherche.data.gouv.fr/api/access/datafile/:persistentId?persistentId=doi:10.57745/NAXUI1
"<a href=""/file.xhtml?persistentId=doi:10.57745/DAED4A&amp;version=1.0"">
                velocity14200-14299.feather
            </a>",DAED4A,velocity14200-14299.feather,https://entrepot.recherche.data.gouv.fr/api/access/datafile/:persistentId?persistentId=doi:10.57745/DAED4A
"<a href=""/file.xhtml?persistentId=doi:10.57745/QDPIGY&amp;version=1.0"">
                velocity14300-14399.feather
            </a>",QDPIGY,velocity14300-14399.feather,https://entrepot.recherche.data.gouv.fr/api/access/datafile/:persistentId?persistentId=doi:10.57745/QDPIGY
"<a href=""/file.xhtml?persistentId=doi:10.57745/AX3BFO&amp;version=1.0"">
                velocity14400-14499.feather
            </a>",AX3BFO,velocity14400-14499.feather,https://entrepot.recherche.data.gouv.fr/api/access/datafile/:persistentId?persistentId=doi:10.57745/AX3BFO
"<a href=""/file.xhtml?persistentId=doi:10.57745/JKRPSE&amp;version=1.0"">
                velocity14500-14599.feather
            </a>",JKRPSE,velocity14500-14599.feather,https://entrepot.recherche.data.gouv.fr/api/access/datafile/:persistentId?persistentId=doi:10.57745/JKRPSE
"<a href=""/file.xhtml?persistentId=doi:10.57745/WESVSI&amp;version=1.0"">
                velocity14600-14699.feather
            </a>",WESVSI,velocity14600-14699.feather,https://entrepot.recherche.data.gouv.fr/api/access/datafile/:persistentId?persistentId=doi:10.57745/WESVSI
"<a href=""/file.xhtml?persistentId=doi:10.57745/NU21FM&amp;version=1.0"">
                velocity14700-14799.feather
            </a>",NU21FM,velocity14700-14799.feather,https://entrepot.recherche.data.gouv.fr/api/access/datafile/:persistentId?persistentId=doi:10.57745/NU21FM
"<a href=""/file.xhtml?persistentId=doi:10.57745/DN5979&amp;version=1.0"">
                velocity14800-14899.feather
            </a>",DN5979,velocity14800-14899.feather,https://entrepot.recherche.data.gouv.fr/api/access/datafile/:persistentId?persistentId=doi:10.57745/DN5979
"<a href=""/file.xhtml?persistentId=doi:10.57745/ZIJSTI&amp;version=1.0"">
                velocity14900-14999.feather
            </a>",ZIJSTI,velocity14900-14999.feather,https://entrepot.recherche.data.gouv.fr/api/access/datafile/:persistentId?persistentId=doi:10.57745/ZIJSTI
"<a href=""/file.xhtml?persistentId=doi:10.57745/BFL0LT&amp;version=1.0"">
                velocity1500-1599.feather
            </a>",BFL0LT,velocity1500-1599.feather,https://entrepot.recherche.data.gouv.fr/api/access/datafile/:persistentId?persistentId=doi:10.57745/BFL0LT
"<a href=""/file.xhtml?persistentId=doi:10.57745/B5DRKT&amp;version=1.0"">
                velocity15000-15099.feather
            </a>",B5DRKT,velocity15000-15099.feather,https://entrepot.recherche.data.gouv.fr/api/access/datafile/:persistentId?persistentId=doi:10.57745/B5DRKT
"<a href=""/file.xhtml?persistentId=doi:10.57745/KATZGW&amp;version=1.0"">
                velocity15100-15199.feather
            </a>",KATZGW,velocity15100-15199.feather,https://entrepot.recherche.data.gouv.fr/api/access/datafile/:persistentId?persistentId=doi:10.57745/KATZGW
"<a href=""/file.xhtml?persistentId=doi:10.57745/HLVEQ3&amp;version=1.0"">
                velocity15200-15299.feather
            </a>",HLVEQ3,velocity15200-15299.feather,https://entrepot.recherche.data.gouv.fr/api/access/datafile/:persistentId?persistentId=doi:10.57745/HLVEQ3
"<a href=""/file.xhtml?persistentId=doi:10.57745/V9GGJN&amp;version=1.0"">
                velocity15300-15399.feather
            </a>",V9GGJN,velocity15300-15399.feather,https://entrepot.recherche.data.gouv.fr/api/access/datafile/:persistentId?persistentId=doi:10.57745/V9GGJN
"<a href=""/file.xhtml?persistentId=doi:10.57745/ZQVZIT&amp;version=1.0"">
                velocity15400-15499.feather
            </a>",ZQVZIT,velocity15400-15499.feather,https://entrepot.recherche.data.gouv.fr/api/access/datafile/:persistentId?persistentId=doi:10.57745/ZQVZIT
"<a href=""/file.xhtml?persistentId=doi:10.57745/2NCRGC&amp;version=1.0"">
                velocity15500-15599.feather
            </a>",2NCRGC,velocity15500-15599.feather,https://entrepot.recherche.data.gouv.fr/api/access/datafile/:persistentId?persistentId=doi:10.57745/2NCRGC
"<a href=""/file.xhtml?persistentId=doi:10.57745/OJQTZB&amp;version=1.0"">
                velocity15600-15699.feather
            </a>",OJQTZB,velocity15600-15699.feather,https://entrepot.recherche.data.gouv.fr/api/access/datafile/:persistentId?persistentId=doi:10.57745/OJQTZB
"<a href=""/file.xhtml?persistentId=doi:10.57745/FQJ15X&amp;version=1.0"">
                velocity15700-15799.feather
            </a>",FQJ15X,velocity15700-15799.feather,https://entrepot.recherche.data.gouv.fr/api/access/datafile/:persistentId?persistentId=doi:10.57745/FQJ15X
"<a href=""/file.xhtml?persistentId=doi:10.57745/WW0UZ6&amp;version=1.0"">
                velocity15800-15899.feather
            </a>",WW0UZ6,velocity15800-15899.feather,https://entrepot.recherche.data.gouv.fr/api/access/datafile/:persistentId?persistentId=doi:10.57745/WW0UZ6
"<a href=""/file.xhtml?persistentId=doi:10.57745/XEAQZM&amp;version=1.0"">
                velocity15900-15999.feather
            </a>",XEAQZM,velocity15900-15999.feather,https://entrepot.recherche.data.gouv.fr/api/access/datafile/:persistentId?persistentId=doi:10.57745/XEAQZM
"<a href=""/file.xhtml?persistentId=doi:10.57745/ERI8EK&amp;version=1.0"">
                velocity1600-1699.feather
            </a>",ERI8EK,velocity1600-1699.feather,https://entrepot.recherche.data.gouv.fr/api/access/datafile/:persistentId?persistentId=doi:10.57745/ERI8EK
"<a href=""/file.xhtml?persistentId=doi:10.57745/TDQYUF&amp;version=1.0"">
                velocity16000-16099.feather
            </a>",TDQYUF,velocity16000-16099.feather,https://entrepot.recherche.data.gouv.fr/api/access/datafile/:persistentId?persistentId=doi:10.57745/TDQYUF
"<a href=""/file.xhtml?persistentId=doi:10.57745/KLONGH&amp;version=1.0"">
                velocity16100-16199.feather
            </a>",KLONGH,velocity16100-16199.feather,https://entrepot.recherche.data.gouv.fr/api/access/datafile/:persistentId?persistentId=doi:10.57745/KLONGH
"<a href=""/file.xhtml?persistentId=doi:10.57745/75M8NZ&amp;version=1.0"">
                velocity16200-16299.feather
            </a>",75M8NZ,velocity16200-16299.feather,https://entrepot.recherche.data.gouv.fr/api/access/datafile/:persistentId?persistentId=doi:10.57745/75M8NZ
"<a href=""/file.xhtml?persistentId=doi:10.57745/UZ2BME&amp;version=1.0"">
                velocity16300-16399.feather
            </a>",UZ2BME,velocity16300-16399.feather,https://entrepot.recherche.data.gouv.fr/api/access/datafile/:persistentId?persistentId=doi:10.57745/UZ2BME
"<a href=""/file.xhtml?persistentId=doi:10.57745/X2QY4O&amp;version=1.0"">
                velocity16400-16499.feather
            </a>",X2QY4O,velocity16400-16499.feather,https://entrepot.recherche.data.gouv.fr/api/access/datafile/:persistentId?persistentId=doi:10.57745/X2QY4O
"<a href=""/file.xhtml?persistentId=doi:10.57745/CWMESJ&amp;version=1.0"">
                velocity16500-16599.feather
            </a>",CWMESJ,velocity16500-16599.feather,https://entrepot.recherche.data.gouv.fr/api/access/datafile/:persistentId?persistentId=doi:10.57745/CWMESJ
"<a href=""/file.xhtml?persistentId=doi:10.57745/GASAU6&amp;version=1.0"">
                velocity16600-16699.feather
            </a>",GASAU6,velocity16600-16699.feather,https://entrepot.recherche.data.gouv.fr/api/access/datafile/:persistentId?persistentId=doi:10.57745/GASAU6
"<a href=""/file.xhtml?persistentId=doi:10.57745/YGRWRG&amp;version=1.0"">
                velocity16700-16799.feather
            </a>",YGRWRG,velocity16700-16799.feather,https://entrepot.recherche.data.gouv.fr/api/access/datafile/:persistentId?persistentId=doi:10.57745/YGRWRG
"<a href=""/file.xhtml?persistentId=doi:10.57745/DUJ7E7&amp;version=1.0"">
                velocity16800-16899.feather
            </a>",DUJ7E7,velocity16800-16899.feather,https://entrepot.recherche.data.gouv.fr/api/access/datafile/:persistentId?persistentId=doi:10.57745/DUJ7E7
"<a href=""/file.xhtml?persistentId=doi:10.57745/KKGMVL&amp;version=1.0"">
                velocity16900-16999.feather
            </a>",KKGMVL,velocity16900-16999.feather,https://entrepot.recherche.data.gouv.fr/api/access/datafile/:persistentId?persistentId=doi:10.57745/KKGMVL
"<a href=""/file.xhtml?persistentId=doi:10.57745/KT27Z3&amp;version=1.0"">
                velocity1700-1799.feather
            </a>",KT27Z3,velocity1700-1799.feather,https://entrepot.recherche.data.gouv.fr/api/access/datafile/:persistentId?persistentId=doi:10.57745/KT27Z3
"<a href=""/file.xhtml?persistentId=doi:10.57745/YFDDAA&amp;version=1.0"">
                velocity17000-17099.feather
            </a>",YFDDAA,velocity17000-17099.feather,https://entrepot.recherche.data.gouv.fr/api/access/datafile/:persistentId?persistentId=doi:10.57745/YFDDAA
"<a href=""/file.xhtml?persistentId=doi:10.57745/VPAO82&amp;version=1.0"">
                velocity17100-17199.feather
            </a>",VPAO82,velocity17100-17199.feather,https://entrepot.recherche.data.gouv.fr/api/access/datafile/:persistentId?persistentId=doi:10.57745/VPAO82
"<a href=""/file.xhtml?persistentId=doi:10.57745/EPL7XP&amp;version=1.0"">
                velocity17200-17299.feather
            </a>",EPL7XP,velocity17200-17299.feather,https://entrepot.recherche.data.gouv.fr/api/access/datafile/:persistentId?persistentId=doi:10.57745/EPL7XP
"<a href=""/file.xhtml?persistentId=doi:10.57745/Z5J21L&amp;version=1.0"">
                velocity17300-17399.feather
            </a>",Z5J21L,velocity17300-17399.feather,https://entrepot.recherche.data.gouv.fr/api/access/datafile/:persistentId?persistentId=doi:10.57745/Z5J21L
"<a href=""/file.xhtml?persistentId=doi:10.57745/1UG1WD&amp;version=1.0"">
                velocity17400-17499.feather
            </a>",1UG1WD,velocity17400-17499.feather,https://entrepot.recherche.data.gouv.fr/api/access/datafile/:persistentId?persistentId=doi:10.57745/1UG1WD
"<a href=""/file.xhtml?persistentId=doi:10.57745/Q3UJEC&amp;version=1.0"">
                velocity17500-17599.feather
            </a>",Q3UJEC,velocity17500-17599.feather,https://entrepot.recherche.data.gouv.fr/api/access/datafile/:persistentId?persistentId=doi:10.57745/Q3UJEC
"<a href=""/file.xhtml?persistentId=doi:10.57745/L0KQ6F&amp;version=1.0"">
                velocity17600-17699.feather
            </a>",L0KQ6F,velocity17600-17699.feather,https://entrepot.recherche.data.gouv.fr/api/access/datafile/:persistentId?persistentId=doi:10.57745/L0KQ6F
"<a href=""/file.xhtml?persistentId=doi:10.57745/AKFQUF&amp;version=1.0"">
                velocity17700-17799.feather
            </a>",AKFQUF,velocity17700-17799.feather,https://entrepot.recherche.data.gouv.fr/api/access/datafile/:persistentId?persistentId=doi:10.57745/AKFQUF
"<a href=""/file.xhtml?persistentId=doi:10.57745/95OBGA&amp;version=1.0"">
                velocity17800-17899.feather
            </a>",95OBGA,velocity17800-17899.feather,https://entrepot.recherche.data.gouv.fr/api/access/datafile/:persistentId?persistentId=doi:10.57745/95OBGA
"<a href=""/file.xhtml?persistentId=doi:10.57745/M2OAVU&amp;version=1.0"">
                velocity17900-17999.feather
            </a>",M2OAVU,velocity17900-17999.feather,https://entrepot.recherche.data.gouv.fr/api/access/datafile/:persistentId?persistentId=doi:10.57745/M2OAVU
"<a href=""/file.xhtml?persistentId=doi:10.57745/SKGNCW&amp;version=1.0"">
                velocity1800-1899.feather
            </a>",SKGNCW,velocity1800-1899.feather,https://entrepot.recherche.data.gouv.fr/api/access/datafile/:persistentId?persistentId=doi:10.57745/SKGNCW
"<a href=""/file.xhtml?persistentId=doi:10.57745/TQYBPA&amp;version=1.0"">
                velocity18000-18099.feather
            </a>",TQYBPA,velocity18000-18099.feather,https://entrepot.recherche.data.gouv.fr/api/access/datafile/:persistentId?persistentId=doi:10.57745/TQYBPA
"<a href=""/file.xhtml?persistentId=doi:10.57745/3CZRYD&amp;version=1.0"">
                velocity18100-18199.feather
            </a>",3CZRYD,velocity18100-18199.feather,https://entrepot.recherche.data.gouv.fr/api/access/datafile/:persistentId?persistentId=doi:10.57745/3CZRYD
"<a href=""/file.xhtml?persistentId=doi:10.57745/EPPKJQ&amp;version=1.0"">
                velocity18200-18299.feather
            </a>",EPPKJQ,velocity18200-18299.feather,https://entrepot.recherche.data.gouv.fr/api/access/datafile/:persistentId?persistentId=doi:10.57745/EPPKJQ
"<a href=""/file.xhtml?persistentId=doi:10.57745/I68CXF&amp;version=1.0"">
                velocity18300-18399.feather
            </a>",I68CXF,velocity18300-18399.feather,https://entrepot.recherche.data.gouv.fr/api/access/datafile/:persistentId?persistentId=doi:10.57745/I68CXF
"<a href=""/file.xhtml?persistentId=doi:10.57745/7H8VDF&amp;version=1.0"">
                velocity18400-18499.feather
            </a>",7H8VDF,velocity18400-18499.feather,https://entrepot.recherche.data.gouv.fr/api/access/datafile/:persistentId?persistentId=doi:10.57745/7H8VDF
"<a href=""/file.xhtml?persistentId=doi:10.57745/KZP3OE&amp;version=1.0"">
                velocity18500-18599.feather
            </a>",KZP3OE,velocity18500-18599.feather,https://entrepot.recherche.data.gouv.fr/api/access/datafile/:persistentId?persistentId=doi:10.57745/KZP3OE
"<a href=""/file.xhtml?persistentId=doi:10.57745/EAU5NA&amp;version=1.0"">
                velocity18600-18699.feather
            </a>",EAU5NA,velocity18600-18699.feather,https://entrepot.recherche.data.gouv.fr/api/access/datafile/:persistentId?persistentId=doi:10.57745/EAU5NA
"<a href=""/file.xhtml?persistentId=doi:10.57745/6DA2Q3&amp;version=1.0"">
                velocity18700-18799.feather
            </a>",6DA2Q3,velocity18700-18799.feather,https://entrepot.recherche.data.gouv.fr/api/access/datafile/:persistentId?persistentId=doi:10.57745/6DA2Q3
"<a href=""/file.xhtml?persistentId=doi:10.57745/5AXQUJ&amp;version=1.0"">
                velocity18800-18899.feather
            </a>",5AXQUJ,velocity18800-18899.feather,https://entrepot.recherche.data.gouv.fr/api/access/datafile/:persistentId?persistentId=doi:10.57745/5AXQUJ
"<a href=""/file.xhtml?persistentId=doi:10.57745/HMTJFZ&amp;version=1.0"">
                velocity18900-18999.feather
            </a>",HMTJFZ,velocity18900-18999.feather,https://entrepot.recherche.data.gouv.fr/api/access/datafile/:persistentId?persistentId=doi:10.57745/HMTJFZ
"<a href=""/file.xhtml?persistentId=doi:10.57745/5A5WEP&amp;version=1.0"">
                velocity1900-1999.feather
            </a>",5A5WEP,velocity1900-1999.feather,https://entrepot.recherche.data.gouv.fr/api/access/datafile/:persistentId?persistentId=doi:10.57745/5A5WEP
"<a href=""/file.xhtml?persistentId=doi:10.57745/O2XJMO&amp;version=1.0"">
                velocity19000-19099.feather
            </a>",O2XJMO,velocity19000-19099.feather,https://entrepot.recherche.data.gouv.fr/api/access/datafile/:persistentId?persistentId=doi:10.57745/O2XJMO
"<a href=""/file.xhtml?persistentId=doi:10.57745/1T6GBC&amp;version=1.0"">
                velocity19100-19199.feather
            </a>",1T6GBC,velocity19100-19199.feather,https://entrepot.recherche.data.gouv.fr/api/access/datafile/:persistentId?persistentId=doi:10.57745/1T6GBC
"<a href=""/file.xhtml?persistentId=doi:10.57745/UDN3EJ&amp;version=1.0"">
                velocity19200-19299.feather
            </a>",UDN3EJ,velocity19200-19299.feather,https://entrepot.recherche.data.gouv.fr/api/access/datafile/:persistentId?persistentId=doi:10.57745/UDN3EJ
"<a href=""/file.xhtml?persistentId=doi:10.57745/OUTYTN&amp;version=1.0"">
                velocity19300-19399.feather
            </a>",OUTYTN,velocity19300-19399.feather,https://entrepot.recherche.data.gouv.fr/api/access/datafile/:persistentId?persistentId=doi:10.57745/OUTYTN
"<a href=""/file.xhtml?persistentId=doi:10.57745/5H7ISD&amp;version=1.0"">
                velocity19400-19499.feather
            </a>",5H7ISD,velocity19400-19499.feather,https://entrepot.recherche.data.gouv.fr/api/access/datafile/:persistentId?persistentId=doi:10.57745/5H7ISD
"<a href=""/file.xhtml?persistentId=doi:10.57745/U4ZWRW&amp;version=1.0"">
                velocity19500-19599.feather
            </a>",U4ZWRW,velocity19500-19599.feather,https://entrepot.recherche.data.gouv.fr/api/access/datafile/:persistentId?persistentId=doi:10.57745/U4ZWRW
"<a href=""/file.xhtml?persistentId=doi:10.57745/UUUYK1&amp;version=1.0"">
                velocity19600-19699.feather
            </a>",UUUYK1,velocity19600-19699.feather,https://entrepot.recherche.data.gouv.fr/api/access/datafile/:persistentId?persistentId=doi:10.57745/UUUYK1
"<a href=""/file.xhtml?persistentId=doi:10.57745/4TKWKQ&amp;version=1.0"">
                velocity19700-19799.feather
            </a>",4TKWKQ,velocity19700-19799.feather,https://entrepot.recherche.data.gouv.fr/api/access/datafile/:persistentId?persistentId=doi:10.57745/4TKWKQ
"<a href=""/file.xhtml?persistentId=doi:10.57745/0RCAV8&amp;version=1.0"">
                velocity19800-19899.feather
            </a>",0RCAV8,velocity19800-19899.feather,https://entrepot.recherche.data.gouv.fr/api/access/datafile/:persistentId?persistentId=doi:10.57745/0RCAV8
"<a href=""/file.xhtml?persistentId=doi:10.57745/1HGCSI&amp;version=1.0"">
                velocity19900-19999.feather
            </a>",1HGCSI,velocity19900-19999.feather,https://entrepot.recherche.data.gouv.fr/api/access/datafile/:persistentId?persistentId=doi:10.57745/1HGCSI
"<a href=""/file.xhtml?persistentId=doi:10.57745/66FGF2&amp;version=1.0"">
                velocity200-299.feather
            </a>",66FGF2,velocity200-299.feather,https://entrepot.recherche.data.gouv.fr/api/access/datafile/:persistentId?persistentId=doi:10.57745/66FGF2
"<a href=""/file.xhtml?persistentId=doi:10.57745/BOKZPM&amp;version=1.0"">
                velocity2000-2099.feather
            </a>",BOKZPM,velocity2000-2099.feather,https://entrepot.recherche.data.gouv.fr/api/access/datafile/:persistentId?persistentId=doi:10.57745/BOKZPM
"<a href=""/file.xhtml?persistentId=doi:10.57745/Q2TGD3&amp;version=1.0"">
                velocity20000-20099.feather
            </a>",Q2TGD3,velocity20000-20099.feather,https://entrepot.recherche.data.gouv.fr/api/access/datafile/:persistentId?persistentId=doi:10.57745/Q2TGD3
"<a href=""/file.xhtml?persistentId=doi:10.57745/GWDVZE&amp;version=1.0"">
                velocity20100-20199.feather
            </a>",GWDVZE,velocity20100-20199.feather,https://entrepot.recherche.data.gouv.fr/api/access/datafile/:persistentId?persistentId=doi:10.57745/GWDVZE
"<a href=""/file.xhtml?persistentId=doi:10.57745/XHNGDT&amp;version=1.0"">
                velocity20200-20299.feather
            </a>",XHNGDT,velocity20200-20299.feather,https://entrepot.recherche.data.gouv.fr/api/access/datafile/:persistentId?persistentId=doi:10.57745/XHNGDT
"<a href=""/file.xhtml?persistentId=doi:10.57745/CQR5SV&amp;version=1.0"">
                velocity20300-20399.feather
            </a>",CQR5SV,velocity20300-20399.feather,https://entrepot.recherche.data.gouv.fr/api/access/datafile/:persistentId?persistentId=doi:10.57745/CQR5SV
"<a href=""/file.xhtml?persistentId=doi:10.57745/GPVLM6&amp;version=1.0"">
                velocity20400-20499.feather
            </a>",GPVLM6,velocity20400-20499.feather,https://entrepot.recherche.data.gouv.fr/api/access/datafile/:persistentId?persistentId=doi:10.57745/GPVLM6
"<a href=""/file.xhtml?persistentId=doi:10.57745/ZWSED1&amp;version=1.0"">
                velocity20500-20599.feather
            </a>",ZWSED1,velocity20500-20599.feather,https://entrepot.recherche.data.gouv.fr/api/access/datafile/:persistentId?persistentId=doi:10.57745/ZWSED1
"<a href=""/file.xhtml?persistentId=doi:10.57745/FZDRPM&amp;version=1.0"">
                velocity20600-20699.feather
            </a>",FZDRPM,velocity20600-20699.feather,https://entrepot.recherche.data.gouv.fr/api/access/datafile/:persistentId?persistentId=doi:10.57745/FZDRPM
"<a href=""/file.xhtml?persistentId=doi:10.57745/Q601UA&amp;version=1.0"">
                velocity20700-20799.feather
            </a>",Q601UA,velocity20700-20799.feather,https://entrepot.recherche.data.gouv.fr/api/access/datafile/:persistentId?persistentId=doi:10.57745/Q601UA
"<a href=""/file.xhtml?persistentId=doi:10.57745/LV4WAA&amp;version=1.0"">
                velocity20800-20899.feather
            </a>",LV4WAA,velocity20800-20899.feather,https://entrepot.recherche.data.gouv.fr/api/access/datafile/:persistentId?persistentId=doi:10.57745/LV4WAA
"<a href=""/file.xhtml?persistentId=doi:10.57745/OTIY7F&amp;version=1.0"">
                velocity20900-20999.feather
            </a>",OTIY7F,velocity20900-20999.feather,https://entrepot.recherche.data.gouv.fr/api/access/datafile/:persistentId?persistentId=doi:10.57745/OTIY7F
"<a href=""/file.xhtml?persistentId=doi:10.57745/VFPSP1&amp;version=1.0"">
                velocity2100-2199.feather
            </a>",VFPSP1,velocity2100-2199.feather,https://entrepot.recherche.data.gouv.fr/api/access/datafile/:persistentId?persistentId=doi:10.57745/VFPSP1
"<a href=""/file.xhtml?persistentId=doi:10.57745/ZXLAJ1&amp;version=1.0"">
                velocity21000-21099.feather
            </a>",ZXLAJ1,velocity21000-21099.feather,https://entrepot.recherche.data.gouv.fr/api/access/datafile/:persistentId?persistentId=doi:10.57745/ZXLAJ1
"<a href=""/file.xhtml?persistentId=doi:10.57745/D7IX53&amp;version=1.0"">
                velocity21100-21199.feather
            </a>",D7IX53,velocity21100-21199.feather,https://entrepot.recherche.data.gouv.fr/api/access/datafile/:persistentId?persistentId=doi:10.57745/D7IX53
"<a href=""/file.xhtml?persistentId=doi:10.57745/L9Z1MA&amp;version=1.0"">
                velocity21200-21299.feather
            </a>",L9Z1MA,velocity21200-21299.feather,https://entrepot.recherche.data.gouv.fr/api/access/datafile/:persistentId?persistentId=doi:10.57745/L9Z1MA
"<a href=""/file.xhtml?persistentId=doi:10.57745/QRX0RR&amp;version=1.0"">
                velocity21300-21399.feather
            </a>",QRX0RR,velocity21300-21399.feather,https://entrepot.recherche.data.gouv.fr/api/access/datafile/:persistentId?persistentId=doi:10.57745/QRX0RR
"<a href=""/file.xhtml?persistentId=doi:10.57745/1PEQNI&amp;version=1.0"">
                velocity21400-21499.feather
            </a>",1PEQNI,velocity21400-21499.feather,https://entrepot.recherche.data.gouv.fr/api/access/datafile/:persistentId?persistentId=doi:10.57745/1PEQNI
"<a href=""/file.xhtml?persistentId=doi:10.57745/AEFYCP&amp;version=1.0"">
                velocity21500-21599.feather
            </a>",AEFYCP,velocity21500-21599.feather,https://entrepot.recherche.data.gouv.fr/api/access/datafile/:persistentId?persistentId=doi:10.57745/AEFYCP
"<a href=""/file.xhtml?persistentId=doi:10.57745/5QWGIU&amp;version=1.0"">
                velocity21600-21699.feather
            </a>",5QWGIU,velocity21600-21699.feather,https://entrepot.recherche.data.gouv.fr/api/access/datafile/:persistentId?persistentId=doi:10.57745/5QWGIU
"<a href=""/file.xhtml?persistentId=doi:10.57745/7EEFNW&amp;version=1.0"">
                velocity21700-21799.feather
            </a>",7EEFNW,velocity21700-21799.feather,https://entrepot.recherche.data.gouv.fr/api/access/datafile/:persistentId?persistentId=doi:10.57745/7EEFNW
"<a href=""/file.xhtml?persistentId=doi:10.57745/QDHBDF&amp;version=1.0"">
                velocity21800-21899.feather
            </a>",QDHBDF,velocity21800-21899.feather,https://entrepot.recherche.data.gouv.fr/api/access/datafile/:persistentId?persistentId=doi:10.57745/QDHBDF
"<a href=""/file.xhtml?persistentId=doi:10.57745/RDEXXJ&amp;version=1.0"">
                velocity21900-21999.feather
            </a>",RDEXXJ,velocity21900-21999.feather,https://entrepot.recherche.data.gouv.fr/api/access/datafile/:persistentId?persistentId=doi:10.57745/RDEXXJ
"<a href=""/file.xhtml?persistentId=doi:10.57745/GVEGCQ&amp;version=1.0"">
                velocity2200-2299.feather
            </a>",GVEGCQ,velocity2200-2299.feather,https://entrepot.recherche.data.gouv.fr/api/access/datafile/:persistentId?persistentId=doi:10.57745/GVEGCQ
"<a href=""/file.xhtml?persistentId=doi:10.57745/LNZA02&amp;version=1.0"">
                velocity22000-22099.feather
            </a>",LNZA02,velocity22000-22099.feather,https://entrepot.recherche.data.gouv.fr/api/access/datafile/:persistentId?persistentId=doi:10.57745/LNZA02
"<a href=""/file.xhtml?persistentId=doi:10.57745/VQYEOZ&amp;version=1.0"">
                velocity22100-22199.feather
            </a>",VQYEOZ,velocity22100-22199.feather,https://entrepot.recherche.data.gouv.fr/api/access/datafile/:persistentId?persistentId=doi:10.57745/VQYEOZ
"<a href=""/file.xhtml?persistentId=doi:10.57745/EGGLUD&amp;version=1.0"">
                velocity22200-22299.feather
            </a>",EGGLUD,velocity22200-22299.feather,https://entrepot.recherche.data.gouv.fr/api/access/datafile/:persistentId?persistentId=doi:10.57745/EGGLUD
"<a href=""/file.xhtml?persistentId=doi:10.57745/PJWEJK&amp;version=1.0"">
                velocity22300-22399.feather
            </a>",PJWEJK,velocity22300-22399.feather,https://entrepot.recherche.data.gouv.fr/api/access/datafile/:persistentId?persistentId=doi:10.57745/PJWEJK
"<a href=""/file.xhtml?persistentId=doi:10.57745/GE87BY&amp;version=1.0"">
                velocity22400-22499.feather
            </a>",GE87BY,velocity22400-22499.feather,https://entrepot.recherche.data.gouv.fr/api/access/datafile/:persistentId?persistentId=doi:10.57745/GE87BY
"<a href=""/file.xhtml?persistentId=doi:10.57745/BRE6XH&amp;version=1.0"">
                velocity22500-22599.feather
            </a>",BRE6XH,velocity22500-22599.feather,https://entrepot.recherche.data.gouv.fr/api/access/datafile/:persistentId?persistentId=doi:10.57745/BRE6XH
"<a href=""/file.xhtml?persistentId=doi:10.57745/8NDWX2&amp;version=1.0"">
                velocity22600-22699.feather
            </a>",8NDWX2,velocity22600-22699.feather,https://entrepot.recherche.data.gouv.fr/api/access/datafile/:persistentId?persistentId=doi:10.57745/8NDWX2
"<a href=""/file.xhtml?persistentId=doi:10.57745/ZNXZII&amp;version=1.0"">
                velocity22700-22799.feather
            </a>",ZNXZII,velocity22700-22799.feather,https://entrepot.recherche.data.gouv.fr/api/access/datafile/:persistentId?persistentId=doi:10.57745/ZNXZII
"<a href=""/file.xhtml?persistentId=doi:10.57745/1QI5FD&amp;version=1.0"">
                velocity22800-22899.feather
            </a>",1QI5FD,velocity22800-22899.feather,https://entrepot.recherche.data.gouv.fr/api/access/datafile/:persistentId?persistentId=doi:10.57745/1QI5FD
"<a href=""/file.xhtml?persistentId=doi:10.57745/AA7WBJ&amp;version=1.0"">
                velocity22900-22999.feather
            </a>",AA7WBJ,velocity22900-22999.feather,https://entrepot.recherche.data.gouv.fr/api/access/datafile/:persistentId?persistentId=doi:10.57745/AA7WBJ
"<a href=""/file.xhtml?persistentId=doi:10.57745/7Q7UHN&amp;version=1.0"">
                velocity2300-2399.feather
            </a>",7Q7UHN,velocity2300-2399.feather,https://entrepot.recherche.data.gouv.fr/api/access/datafile/:persistentId?persistentId=doi:10.57745/7Q7UHN
"<a href=""/file.xhtml?persistentId=doi:10.57745/REEOJ3&amp;version=1.0"">
                velocity23000-23099.feather
            </a>",REEOJ3,velocity23000-23099.feather,https://entrepot.recherche.data.gouv.fr/api/access/datafile/:persistentId?persistentId=doi:10.57745/REEOJ3
"<a href=""/file.xhtml?persistentId=doi:10.57745/ZX80AJ&amp;version=1.0"">
                velocity23100-23199.feather
            </a>",ZX80AJ,velocity23100-23199.feather,https://entrepot.recherche.data.gouv.fr/api/access/datafile/:persistentId?persistentId=doi:10.57745/ZX80AJ
"<a href=""/file.xhtml?persistentId=doi:10.57745/YC9SCY&amp;version=1.0"">
                velocity23200-23299.feather
            </a>",YC9SCY,velocity23200-23299.feather,https://entrepot.recherche.data.gouv.fr/api/access/datafile/:persistentId?persistentId=doi:10.57745/YC9SCY
"<a href=""/file.xhtml?persistentId=doi:10.57745/Q7GGNM&amp;version=1.0"">
                velocity23300-23399.feather
            </a>",Q7GGNM,velocity23300-23399.feather,https://entrepot.recherche.data.gouv.fr/api/access/datafile/:persistentId?persistentId=doi:10.57745/Q7GGNM
"<a href=""/file.xhtml?persistentId=doi:10.57745/DE9Q64&amp;version=1.0"">
                velocity23400-23499.feather
            </a>",DE9Q64,velocity23400-23499.feather,https://entrepot.recherche.data.gouv.fr/api/access/datafile/:persistentId?persistentId=doi:10.57745/DE9Q64
"<a href=""/file.xhtml?persistentId=doi:10.57745/RT50QM&amp;version=1.0"">
                velocity23500-23599.feather
            </a>",RT50QM,velocity23500-23599.feather,https://entrepot.recherche.data.gouv.fr/api/access/datafile/:persistentId?persistentId=doi:10.57745/RT50QM
"<a href=""/file.xhtml?persistentId=doi:10.57745/YMNSWW&amp;version=1.0"">
                velocity23600-23699.feather
            </a>",YMNSWW,velocity23600-23699.feather,https://entrepot.recherche.data.gouv.fr/api/access/datafile/:persistentId?persistentId=doi:10.57745/YMNSWW
"<a href=""/file.xhtml?persistentId=doi:10.57745/WDXAWV&amp;version=1.0"">
                velocity23700-23799.feather
            </a>",WDXAWV,velocity23700-23799.feather,https://entrepot.recherche.data.gouv.fr/api/access/datafile/:persistentId?persistentId=doi:10.57745/WDXAWV
"<a href=""/file.xhtml?persistentId=doi:10.57745/XLKMSF&amp;version=1.0"">
                velocity23800-23899.feather
            </a>",XLKMSF,velocity23800-23899.feather,https://entrepot.recherche.data.gouv.fr/api/access/datafile/:persistentId?persistentId=doi:10.57745/XLKMSF
"<a href=""/file.xhtml?persistentId=doi:10.57745/62KX5K&amp;version=1.0"">
                velocity23900-23999.feather
            </a>",62KX5K,velocity23900-23999.feather,https://entrepot.recherche.data.gouv.fr/api/access/datafile/:persistentId?persistentId=doi:10.57745/62KX5K
"<a href=""/file.xhtml?persistentId=doi:10.57745/HS8JNR&amp;version=1.0"">
                velocity2400-2499.feather
            </a>",HS8JNR,velocity2400-2499.feather,https://entrepot.recherche.data.gouv.fr/api/access/datafile/:persistentId?persistentId=doi:10.57745/HS8JNR
"<a href=""/file.xhtml?persistentId=doi:10.57745/ZUFMFK&amp;version=1.0"">
                velocity24000-24099.feather
            </a>",ZUFMFK,velocity24000-24099.feather,https://entrepot.recherche.data.gouv.fr/api/access/datafile/:persistentId?persistentId=doi:10.57745/ZUFMFK
"<a href=""/file.xhtml?persistentId=doi:10.57745/KURA6K&amp;version=1.0"">
                velocity24100-24199.feather
            </a>",KURA6K,velocity24100-24199.feather,https://entrepot.recherche.data.gouv.fr/api/access/datafile/:persistentId?persistentId=doi:10.57745/KURA6K
"<a href=""/file.xhtml?persistentId=doi:10.57745/JWBXZB&amp;version=1.0"">
                velocity24200-24299.feather
            </a>",JWBXZB,velocity24200-24299.feather,https://entrepot.recherche.data.gouv.fr/api/access/datafile/:persistentId?persistentId=doi:10.57745/JWBXZB
"<a href=""/file.xhtml?persistentId=doi:10.57745/6EPAD2&amp;version=1.0"">
                velocity24300-24399.feather
            </a>",6EPAD2,velocity24300-24399.feather,https://entrepot.recherche.data.gouv.fr/api/access/datafile/:persistentId?persistentId=doi:10.57745/6EPAD2
"<a href=""/file.xhtml?persistentId=doi:10.57745/OUJRUR&amp;version=1.0"">
                velocity24400-24499.feather
            </a>",OUJRUR,velocity24400-24499.feather,https://entrepot.recherche.data.gouv.fr/api/access/datafile/:persistentId?persistentId=doi:10.57745/OUJRUR
"<a href=""/file.xhtml?persistentId=doi:10.57745/LWTTRJ&amp;version=1.0"">
                velocity24500-24599.feather
            </a>",LWTTRJ,velocity24500-24599.feather,https://entrepot.recherche.data.gouv.fr/api/access/datafile/:persistentId?persistentId=doi:10.57745/LWTTRJ
"<a href=""/file.xhtml?persistentId=doi:10.57745/4XPEEG&amp;version=1.0"">
                velocity24600-24699.feather
            </a>",4XPEEG,velocity24600-24699.feather,https://entrepot.recherche.data.gouv.fr/api/access/datafile/:persistentId?persistentId=doi:10.57745/4XPEEG
"<a href=""/file.xhtml?persistentId=doi:10.57745/HEPRJB&amp;version=1.0"">
                velocity24700-24799.feather
            </a>",HEPRJB,velocity24700-24799.feather,https://entrepot.recherche.data.gouv.fr/api/access/datafile/:persistentId?persistentId=doi:10.57745/HEPRJB
"<a href=""/file.xhtml?persistentId=doi:10.57745/XDR9ZB&amp;version=1.0"">
                velocity24800-24899.feather
            </a>",XDR9ZB,velocity24800-24899.feather,https://entrepot.recherche.data.gouv.fr/api/access/datafile/:persistentId?persistentId=doi:10.57745/XDR9ZB
"<a href=""/file.xhtml?persistentId=doi:10.57745/I9RYSA&amp;version=1.0"">
                velocity24900-24999.feather
            </a>",I9RYSA,velocity24900-24999.feather,https://entrepot.recherche.data.gouv.fr/api/access/datafile/:persistentId?persistentId=doi:10.57745/I9RYSA
"<a href=""/file.xhtml?persistentId=doi:10.57745/ZW8PTY&amp;version=1.0"">
                velocity2500-2599.feather
            </a>",ZW8PTY,velocity2500-2599.feather,https://entrepot.recherche.data.gouv.fr/api/access/datafile/:persistentId?persistentId=doi:10.57745/ZW8PTY
"<a href=""/file.xhtml?persistentId=doi:10.57745/0OH3XN&amp;version=1.0"">
                velocity25000-25099.feather
            </a>",0OH3XN,velocity25000-25099.feather,https://entrepot.recherche.data.gouv.fr/api/access/datafile/:persistentId?persistentId=doi:10.57745/0OH3XN
"<a href=""/file.xhtml?persistentId=doi:10.57745/BXXVVB&amp;version=1.0"">
                velocity25100-25199.feather
            </a>",BXXVVB,velocity25100-25199.feather,https://entrepot.recherche.data.gouv.fr/api/access/datafile/:persistentId?persistentId=doi:10.57745/BXXVVB
"<a href=""/file.xhtml?persistentId=doi:10.57745/1QR7NH&amp;version=1.0"">
                velocity25200-25299.feather
            </a>",1QR7NH,velocity25200-25299.feather,https://entrepot.recherche.data.gouv.fr/api/access/datafile/:persistentId?persistentId=doi:10.57745/1QR7NH
"<a href=""/file.xhtml?persistentId=doi:10.57745/ZJASC1&amp;version=1.0"">
                velocity25300-25399.feather
            </a>",ZJASC1,velocity25300-25399.feather,https://entrepot.recherche.data.gouv.fr/api/access/datafile/:persistentId?persistentId=doi:10.57745/ZJASC1
"<a href=""/file.xhtml?persistentId=doi:10.57745/LB1IAZ&amp;version=1.0"">
                velocity25400-25499.feather
            </a>",LB1IAZ,velocity25400-25499.feather,https://entrepot.recherche.data.gouv.fr/api/access/datafile/:persistentId?persistentId=doi:10.57745/LB1IAZ
"<a href=""/file.xhtml?persistentId=doi:10.57745/LDXLCS&amp;version=1.0"">
                velocity25500-25599.feather
            </a>",LDXLCS,velocity25500-25599.feather,https://entrepot.recherche.data.gouv.fr/api/access/datafile/:persistentId?persistentId=doi:10.57745/LDXLCS
"<a href=""/file.xhtml?persistentId=doi:10.57745/1LAUBK&amp;version=1.0"">
                velocity25600-25699.feather
            </a>",1LAUBK,velocity25600-25699.feather,https://entrepot.recherche.data.gouv.fr/api/access/datafile/:persistentId?persistentId=doi:10.57745/1LAUBK
"<a href=""/file.xhtml?persistentId=doi:10.57745/1DVZ2Y&amp;version=1.0"">
                velocity25700-25799.feather
            </a>",1DVZ2Y,velocity25700-25799.feather,https://entrepot.recherche.data.gouv.fr/api/access/datafile/:persistentId?persistentId=doi:10.57745/1DVZ2Y
"<a href=""/file.xhtml?persistentId=doi:10.57745/R3QLX1&amp;version=1.0"">
                velocity25800-25899.feather
            </a>",R3QLX1,velocity25800-25899.feather,https://entrepot.recherche.data.gouv.fr/api/access/datafile/:persistentId?persistentId=doi:10.57745/R3QLX1
"<a href=""/file.xhtml?persistentId=doi:10.57745/MIQXVV&amp;version=1.0"">
                velocity25900-25999.feather
            </a>",MIQXVV,velocity25900-25999.feather,https://entrepot.recherche.data.gouv.fr/api/access/datafile/:persistentId?persistentId=doi:10.57745/MIQXVV
"<a href=""/file.xhtml?persistentId=doi:10.57745/M7889O&amp;version=1.0"">
                velocity2600-2699.feather
            </a>",M7889O,velocity2600-2699.feather,https://entrepot.recherche.data.gouv.fr/api/access/datafile/:persistentId?persistentId=doi:10.57745/M7889O
"<a href=""/file.xhtml?persistentId=doi:10.57745/8PR1WY&amp;version=1.0"">
                velocity26000-26099.feather
            </a>",8PR1WY,velocity26000-26099.feather,https://entrepot.recherche.data.gouv.fr/api/access/datafile/:persistentId?persistentId=doi:10.57745/8PR1WY
"<a href=""/file.xhtml?persistentId=doi:10.57745/07Y5ZV&amp;version=1.0"">
                velocity26100-26199.feather
            </a>",07Y5ZV,velocity26100-26199.feather,https://entrepot.recherche.data.gouv.fr/api/access/datafile/:persistentId?persistentId=doi:10.57745/07Y5ZV
"<a href=""/file.xhtml?persistentId=doi:10.57745/S59AAN&amp;version=1.0"">
                velocity26200-26299.feather
            </a>",S59AAN,velocity26200-26299.feather,https://entrepot.recherche.data.gouv.fr/api/access/datafile/:persistentId?persistentId=doi:10.57745/S59AAN
"<a href=""/file.xhtml?persistentId=doi:10.57745/OBMBWY&amp;version=1.0"">
                velocity26300-26399.feather
            </a>",OBMBWY,velocity26300-26399.feather,https://entrepot.recherche.data.gouv.fr/api/access/datafile/:persistentId?persistentId=doi:10.57745/OBMBWY
"<a href=""/file.xhtml?persistentId=doi:10.57745/DX9O4P&amp;version=1.0"">
                velocity26400-26499.feather
            </a>",DX9O4P,velocity26400-26499.feather,https://entrepot.recherche.data.gouv.fr/api/access/datafile/:persistentId?persistentId=doi:10.57745/DX9O4P
"<a href=""/file.xhtml?persistentId=doi:10.57745/RJPLKZ&amp;version=1.0"">
                velocity26500-26599.feather
            </a>",RJPLKZ,velocity26500-26599.feather,https://entrepot.recherche.data.gouv.fr/api/access/datafile/:persistentId?persistentId=doi:10.57745/RJPLKZ
"<a href=""/file.xhtml?persistentId=doi:10.57745/8J1SFU&amp;version=1.0"">
                velocity26600-26699.feather
            </a>",8J1SFU,velocity26600-26699.feather,https://entrepot.recherche.data.gouv.fr/api/access/datafile/:persistentId?persistentId=doi:10.57745/8J1SFU
"<a href=""/file.xhtml?persistentId=doi:10.57745/PEI1NQ&amp;version=1.0"">
                velocity26700-26799.feather
            </a>",PEI1NQ,velocity26700-26799.feather,https://entrepot.recherche.data.gouv.fr/api/access/datafile/:persistentId?persistentId=doi:10.57745/PEI1NQ
"<a href=""/file.xhtml?persistentId=doi:10.57745/IGFWBF&amp;version=1.0"">
                velocity26800-26899.feather
            </a>",IGFWBF,velocity26800-26899.feather,https://entrepot.recherche.data.gouv.fr/api/access/datafile/:persistentId?persistentId=doi:10.57745/IGFWBF
"<a href=""/file.xhtml?persistentId=doi:10.57745/RGSJNM&amp;version=1.0"">
                velocity26900-26999.feather
            </a>",RGSJNM,velocity26900-26999.feather,https://entrepot.recherche.data.gouv.fr/api/access/datafile/:persistentId?persistentId=doi:10.57745/RGSJNM
"<a href=""/file.xhtml?persistentId=doi:10.57745/K4ELRQ&amp;version=1.0"">
                velocity2700-2799.feather
            </a>",K4ELRQ,velocity2700-2799.feather,https://entrepot.recherche.data.gouv.fr/api/access/datafile/:persistentId?persistentId=doi:10.57745/K4ELRQ
"<a href=""/file.xhtml?persistentId=doi:10.57745/GBWSLT&amp;version=1.0"">
                velocity27000-27099.feather
            </a>",GBWSLT,velocity27000-27099.feather,https://entrepot.recherche.data.gouv.fr/api/access/datafile/:persistentId?persistentId=doi:10.57745/GBWSLT
"<a href=""/file.xhtml?persistentId=doi:10.57745/529KRK&amp;version=1.0"">
                velocity27100-27199.feather
            </a>",529KRK,velocity27100-27199.feather,https://entrepot.recherche.data.gouv.fr/api/access/datafile/:persistentId?persistentId=doi:10.57745/529KRK
"<a href=""/file.xhtml?persistentId=doi:10.57745/JEO2FB&amp;version=1.0"">
                velocity27200-27299.feather
            </a>",JEO2FB,velocity27200-27299.feather,https://entrepot.recherche.data.gouv.fr/api/access/datafile/:persistentId?persistentId=doi:10.57745/JEO2FB
"<a href=""/file.xhtml?persistentId=doi:10.57745/R4OYBH&amp;version=1.0"">
                velocity27300-27399.feather
            </a>",R4OYBH,velocity27300-27399.feather,https://entrepot.recherche.data.gouv.fr/api/access/datafile/:persistentId?persistentId=doi:10.57745/R4OYBH
"<a href=""/file.xhtml?persistentId=doi:10.57745/CZRJCQ&amp;version=1.0"">
                velocity27400-27499.feather
            </a>",CZRJCQ,velocity27400-27499.feather,https://entrepot.recherche.data.gouv.fr/api/access/datafile/:persistentId?persistentId=doi:10.57745/CZRJCQ
"<a href=""/file.xhtml?persistentId=doi:10.57745/QFR2O0&amp;version=1.0"">
                velocity27500-27599.feather
            </a>",QFR2O0,velocity27500-27599.feather,https://entrepot.recherche.data.gouv.fr/api/access/datafile/:persistentId?persistentId=doi:10.57745/QFR2O0
"<a href=""/file.xhtml?persistentId=doi:10.57745/BU6JKQ&amp;version=1.0"">
                velocity27600-27699.feather
            </a>",BU6JKQ,velocity27600-27699.feather,https://entrepot.recherche.data.gouv.fr/api/access/datafile/:persistentId?persistentId=doi:10.57745/BU6JKQ
"<a href=""/file.xhtml?persistentId=doi:10.57745/OBYPS4&amp;version=1.0"">
                velocity27700-27799.feather
            </a>",OBYPS4,velocity27700-27799.feather,https://entrepot.recherche.data.gouv.fr/api/access/datafile/:persistentId?persistentId=doi:10.57745/OBYPS4
"<a href=""/file.xhtml?persistentId=doi:10.57745/QPHV4J&amp;version=1.0"">
                velocity27800-27899.feather
            </a>",QPHV4J,velocity27800-27899.feather,https://entrepot.recherche.data.gouv.fr/api/access/datafile/:persistentId?persistentId=doi:10.57745/QPHV4J
"<a href=""/file.xhtml?persistentId=doi:10.57745/GNEV3W&amp;version=1.0"">
                velocity27900-27999.feather
            </a>",GNEV3W,velocity27900-27999.feather,https://entrepot.recherche.data.gouv.fr/api/access/datafile/:persistentId?persistentId=doi:10.57745/GNEV3W
"<a href=""/file.xhtml?persistentId=doi:10.57745/CLMWNV&amp;version=1.0"">
                velocity2800-2899.feather
            </a>",CLMWNV,velocity2800-2899.feather,https://entrepot.recherche.data.gouv.fr/api/access/datafile/:persistentId?persistentId=doi:10.57745/CLMWNV
"<a href=""/file.xhtml?persistentId=doi:10.57745/ECHSPD&amp;version=1.0"">
                velocity28000-28099.feather
            </a>",ECHSPD,velocity28000-28099.feather,https://entrepot.recherche.data.gouv.fr/api/access/datafile/:persistentId?persistentId=doi:10.57745/ECHSPD
"<a href=""/file.xhtml?persistentId=doi:10.57745/6N7A85&amp;version=1.0"">
                velocity28100-28199.feather
            </a>",6N7A85,velocity28100-28199.feather,https://entrepot.recherche.data.gouv.fr/api/access/datafile/:persistentId?persistentId=doi:10.57745/6N7A85
"<a href=""/file.xhtml?persistentId=doi:10.57745/88TT7U&amp;version=1.0"">
                velocity28200-28299.feather
            </a>",88TT7U,velocity28200-28299.feather,https://entrepot.recherche.data.gouv.fr/api/access/datafile/:persistentId?persistentId=doi:10.57745/88TT7U
"<a href=""/file.xhtml?persistentId=doi:10.57745/FLPMIR&amp;version=1.0"">
                velocity28300-28399.feather
            </a>",FLPMIR,velocity28300-28399.feather,https://entrepot.recherche.data.gouv.fr/api/access/datafile/:persistentId?persistentId=doi:10.57745/FLPMIR
"<a href=""/file.xhtml?persistentId=doi:10.57745/6WSVTI&amp;version=1.0"">
                velocity28400-28499.feather
            </a>",6WSVTI,velocity28400-28499.feather,https://entrepot.recherche.data.gouv.fr/api/access/datafile/:persistentId?persistentId=doi:10.57745/6WSVTI
"<a href=""/file.xhtml?persistentId=doi:10.57745/LCOIR6&amp;version=1.0"">
                velocity28500-28599.feather
            </a>",LCOIR6,velocity28500-28599.feather,https://entrepot.recherche.data.gouv.fr/api/access/datafile/:persistentId?persistentId=doi:10.57745/LCOIR6
"<a href=""/file.xhtml?persistentId=doi:10.57745/0Q2BWR&amp;version=1.0"">
                velocity28600-28699.feather
            </a>",0Q2BWR,velocity28600-28699.feather,https://entrepot.recherche.data.gouv.fr/api/access/datafile/:persistentId?persistentId=doi:10.57745/0Q2BWR
"<a href=""/file.xhtml?persistentId=doi:10.57745/SXIPFI&amp;version=1.0"">
                velocity28700-28799.feather
            </a>",SXIPFI,velocity28700-28799.feather,https://entrepot.recherche.data.gouv.fr/api/access/datafile/:persistentId?persistentId=doi:10.57745/SXIPFI
"<a href=""/file.xhtml?persistentId=doi:10.57745/QOKZNU&amp;version=1.0"">
                velocity28800-28899.feather
            </a>",QOKZNU,velocity28800-28899.feather,https://entrepot.recherche.data.gouv.fr/api/access/datafile/:persistentId?persistentId=doi:10.57745/QOKZNU
"<a href=""/file.xhtml?persistentId=doi:10.57745/NEPP8Q&amp;version=1.0"">
                velocity28900-28999.feather
            </a>",NEPP8Q,velocity28900-28999.feather,https://entrepot.recherche.data.gouv.fr/api/access/datafile/:persistentId?persistentId=doi:10.57745/NEPP8Q
"<a href=""/file.xhtml?persistentId=doi:10.57745/GMH5IX&amp;version=1.0"">
                velocity2900-2999.feather
            </a>",GMH5IX,velocity2900-2999.feather,https://entrepot.recherche.data.gouv.fr/api/access/datafile/:persistentId?persistentId=doi:10.57745/GMH5IX
"<a href=""/file.xhtml?persistentId=doi:10.57745/YPJYP0&amp;version=1.0"">
                velocity29000-29099.feather
            </a>",YPJYP0,velocity29000-29099.feather,https://entrepot.recherche.data.gouv.fr/api/access/datafile/:persistentId?persistentId=doi:10.57745/YPJYP0
"<a href=""/file.xhtml?persistentId=doi:10.57745/77WJH5&amp;version=1.0"">
                velocity29100-29199.feather
            </a>",77WJH5,velocity29100-29199.feather,https://entrepot.recherche.data.gouv.fr/api/access/datafile/:persistentId?persistentId=doi:10.57745/77WJH5
"<a href=""/file.xhtml?persistentId=doi:10.57745/QQGUHT&amp;version=1.0"">
                velocity29200-29299.feather
            </a>",QQGUHT,velocity29200-29299.feather,https://entrepot.recherche.data.gouv.fr/api/access/datafile/:persistentId?persistentId=doi:10.57745/QQGUHT
"<a href=""/file.xhtml?persistentId=doi:10.57745/SA3TJC&amp;version=1.0"">
                velocity29300-29399.feather
            </a>",SA3TJC,velocity29300-29399.feather,https://entrepot.recherche.data.gouv.fr/api/access/datafile/:persistentId?persistentId=doi:10.57745/SA3TJC
"<a href=""/file.xhtml?persistentId=doi:10.57745/NPLONJ&amp;version=1.0"">
                velocity29400-29499.feather
            </a>",NPLONJ,velocity29400-29499.feather,https://entrepot.recherche.data.gouv.fr/api/access/datafile/:persistentId?persistentId=doi:10.57745/NPLONJ
"<a href=""/file.xhtml?persistentId=doi:10.57745/RVKJPB&amp;version=1.0"">
                velocity29500-29599.feather
            </a>",RVKJPB,velocity29500-29599.feather,https://entrepot.recherche.data.gouv.fr/api/access/datafile/:persistentId?persistentId=doi:10.57745/RVKJPB
"<a href=""/file.xhtml?persistentId=doi:10.57745/BW2G06&amp;version=1.0"">
                velocity29600-29699.feather
            </a>",BW2G06,velocity29600-29699.feather,https://entrepot.recherche.data.gouv.fr/api/access/datafile/:persistentId?persistentId=doi:10.57745/BW2G06
"<a href=""/file.xhtml?persistentId=doi:10.57745/U0G3PG&amp;version=1.0"">
                velocity29700-29799.feather
            </a>",U0G3PG,velocity29700-29799.feather,https://entrepot.recherche.data.gouv.fr/api/access/datafile/:persistentId?persistentId=doi:10.57745/U0G3PG
"<a href=""/file.xhtml?persistentId=doi:10.57745/OKJYTV&amp;version=1.0"">
                velocity29800-29899.feather
            </a>",OKJYTV,velocity29800-29899.feather,https://entrepot.recherche.data.gouv.fr/api/access/datafile/:persistentId?persistentId=doi:10.57745/OKJYTV
"<a href=""/file.xhtml?persistentId=doi:10.57745/ACXGC3&amp;version=1.0"">
                velocity29900-29999.feather
            </a>",ACXGC3,velocity29900-29999.feather,https://entrepot.recherche.data.gouv.fr/api/access/datafile/:persistentId?persistentId=doi:10.57745/ACXGC3
"<a href=""/file.xhtml?persistentId=doi:10.57745/HR9B7W&amp;version=1.0"">
                velocity300-399.feather
            </a>",HR9B7W,velocity300-399.feather,https://entrepot.recherche.data.gouv.fr/api/access/datafile/:persistentId?persistentId=doi:10.57745/HR9B7W
"<a href=""/file.xhtml?persistentId=doi:10.57745/AOQXZO&amp;version=1.0"">
                velocity3000-3099.feather
            </a>",AOQXZO,velocity3000-3099.feather,https://entrepot.recherche.data.gouv.fr/api/access/datafile/:persistentId?persistentId=doi:10.57745/AOQXZO
"<a href=""/file.xhtml?persistentId=doi:10.57745/SL4JBW&amp;version=1.0"">
                velocity3100-3199.feather
            </a>",SL4JBW,velocity3100-3199.feather,https://entrepot.recherche.data.gouv.fr/api/access/datafile/:persistentId?persistentId=doi:10.57745/SL4JBW
"<a href=""/file.xhtml?persistentId=doi:10.57745/T58LJ4&amp;version=1.0"">
                velocity3200-3299.feather
            </a>",T58LJ4,velocity3200-3299.feather,https://entrepot.recherche.data.gouv.fr/api/access/datafile/:persistentId?persistentId=doi:10.57745/T58LJ4
"<a href=""/file.xhtml?persistentId=doi:10.57745/FHZK9L&amp;version=1.0"">
                velocity3300-3399.feather
            </a>",FHZK9L,velocity3300-3399.feather,https://entrepot.recherche.data.gouv.fr/api/access/datafile/:persistentId?persistentId=doi:10.57745/FHZK9L
"<a href=""/file.xhtml?persistentId=doi:10.57745/Y70EPT&amp;version=1.0"">
                velocity3400-3499.feather
            </a>",Y70EPT,velocity3400-3499.feather,https://entrepot.recherche.data.gouv.fr/api/access/datafile/:persistentId?persistentId=doi:10.57745/Y70EPT
"<a href=""/file.xhtml?persistentId=doi:10.57745/IBAKZO&amp;version=1.0"">
                velocity3500-3599.feather
            </a>",IBAKZO,velocity3500-3599.feather,https://entrepot.recherche.data.gouv.fr/api/access/datafile/:persistentId?persistentId=doi:10.57745/IBAKZO
"<a href=""/file.xhtml?persistentId=doi:10.57745/2YZDGY&amp;version=1.0"">
                velocity3600-3699.feather
            </a>",2YZDGY,velocity3600-3699.feather,https://entrepot.recherche.data.gouv.fr/api/access/datafile/:persistentId?persistentId=doi:10.57745/2YZDGY
"<a href=""/file.xhtml?persistentId=doi:10.57745/PUB3HV&amp;version=1.0"">
                velocity3700-3799.feather
            </a>",PUB3HV,velocity3700-3799.feather,https://entrepot.recherche.data.gouv.fr/api/access/datafile/:persistentId?persistentId=doi:10.57745/PUB3HV
"<a href=""/file.xhtml?persistentId=doi:10.57745/DMEN0I&amp;version=1.0"">
                velocity3800-3899.feather
            </a>",DMEN0I,velocity3800-3899.feather,https://entrepot.recherche.data.gouv.fr/api/access/datafile/:persistentId?persistentId=doi:10.57745/DMEN0I
"<a href=""/file.xhtml?persistentId=doi:10.57745/NBBXEE&amp;version=1.0"">
                velocity3900-3999.feather
            </a>",NBBXEE,velocity3900-3999.feather,https://entrepot.recherche.data.gouv.fr/api/access/datafile/:persistentId?persistentId=doi:10.57745/NBBXEE
"<a href=""/file.xhtml?persistentId=doi:10.57745/FMFR0C&amp;version=1.0"">
                velocity400-499.feather
            </a>",FMFR0C,velocity400-499.feather,https://entrepot.recherche.data.gouv.fr/api/access/datafile/:persistentId?persistentId=doi:10.57745/FMFR0C
"<a href=""/file.xhtml?persistentId=doi:10.57745/YVN57V&amp;version=1.0"">
                velocity4000-4099.feather
            </a>",YVN57V,velocity4000-4099.feather,https://entrepot.recherche.data.gouv.fr/api/access/datafile/:persistentId?persistentId=doi:10.57745/YVN57V
"<a href=""/file.xhtml?persistentId=doi:10.57745/N1XCRT&amp;version=1.0"">
                velocity4100-4199.feather
            </a>",N1XCRT,velocity4100-4199.feather,https://entrepot.recherche.data.gouv.fr/api/access/datafile/:persistentId?persistentId=doi:10.57745/N1XCRT
"<a href=""/file.xhtml?persistentId=doi:10.57745/FW7QGI&amp;version=1.0"">
                velocity4200-4299.feather
            </a>",FW7QGI,velocity4200-4299.feather,https://entrepot.recherche.data.gouv.fr/api/access/datafile/:persistentId?persistentId=doi:10.57745/FW7QGI
"<a href=""/file.xhtml?persistentId=doi:10.57745/ANE98K&amp;version=1.0"">
                velocity4300-4399.feather
            </a>",ANE98K,velocity4300-4399.feather,https://entrepot.recherche.data.gouv.fr/api/access/datafile/:persistentId?persistentId=doi:10.57745/ANE98K
"<a href=""/file.xhtml?persistentId=doi:10.57745/PH5UXW&amp;version=1.0"">
                velocity4400-4499.feather
            </a>",PH5UXW,velocity4400-4499.feather,https://entrepot.recherche.data.gouv.fr/api/access/datafile/:persistentId?persistentId=doi:10.57745/PH5UXW
"<a href=""/file.xhtml?persistentId=doi:10.57745/INMA3N&amp;version=1.0"">
                velocity4500-4599.feather
            </a>",INMA3N,velocity4500-4599.feather,https://entrepot.recherche.data.gouv.fr/api/access/datafile/:persistentId?persistentId=doi:10.57745/INMA3N
"<a href=""/file.xhtml?persistentId=doi:10.57745/ILYMMJ&amp;version=1.0"">
                velocity4600-4699.feather
            </a>",ILYMMJ,velocity4600-4699.feather,https://entrepot.recherche.data.gouv.fr/api/access/datafile/:persistentId?persistentId=doi:10.57745/ILYMMJ
"<a href=""/file.xhtml?persistentId=doi:10.57745/OKE2PG&amp;version=1.0"">
                velocity4700-4799.feather
            </a>",OKE2PG,velocity4700-4799.feather,https://entrepot.recherche.data.gouv.fr/api/access/datafile/:persistentId?persistentId=doi:10.57745/OKE2PG
"<a href=""/file.xhtml?persistentId=doi:10.57745/BCBGVW&amp;version=1.0"">
                velocity4800-4899.feather
            </a>",BCBGVW,velocity4800-4899.feather,https://entrepot.recherche.data.gouv.fr/api/access/datafile/:persistentId?persistentId=doi:10.57745/BCBGVW
"<a href=""/file.xhtml?persistentId=doi:10.57745/VN3PF2&amp;version=1.0"">
                velocity4900-4999.feather
            </a>",VN3PF2,velocity4900-4999.feather,https://entrepot.recherche.data.gouv.fr/api/access/datafile/:persistentId?persistentId=doi:10.57745/VN3PF2
"<a href=""/file.xhtml?persistentId=doi:10.57745/U9WVMG&amp;version=1.0"">
                velocity500-599.feather
            </a>",U9WVMG,velocity500-599.feather,https://entrepot.recherche.data.gouv.fr/api/access/datafile/:persistentId?persistentId=doi:10.57745/U9WVMG
"<a href=""/file.xhtml?persistentId=doi:10.57745/ZDGQS4&amp;version=1.0"">
                velocity5000-5099.feather
            </a>",ZDGQS4,velocity5000-5099.feather,https://entrepot.recherche.data.gouv.fr/api/access/datafile/:persistentId?persistentId=doi:10.57745/ZDGQS4
"<a href=""/file.xhtml?persistentId=doi:10.57745/CCGE9N&amp;version=1.0"">
                velocity5100-5199.feather
            </a>",CCGE9N,velocity5100-5199.feather,https://entrepot.recherche.data.gouv.fr/api/access/datafile/:persistentId?persistentId=doi:10.57745/CCGE9N
"<a href=""/file.xhtml?persistentId=doi:10.57745/WQEZ9K&amp;version=1.0"">
                velocity5200-5299.feather
            </a>",WQEZ9K,velocity5200-5299.feather,https://entrepot.recherche.data.gouv.fr/api/access/datafile/:persistentId?persistentId=doi:10.57745/WQEZ9K
"<a href=""/file.xhtml?persistentId=doi:10.57745/D4EVCP&amp;version=1.0"">
                velocity5300-5399.feather
            </a>",D4EVCP,velocity5300-5399.feather,https://entrepot.recherche.data.gouv.fr/api/access/datafile/:persistentId?persistentId=doi:10.57745/D4EVCP
"<a href=""/file.xhtml?persistentId=doi:10.57745/LOIRH9&amp;version=1.0"">
                velocity5400-5499.feather
            </a>",LOIRH9,velocity5400-5499.feather,https://entrepot.recherche.data.gouv.fr/api/access/datafile/:persistentId?persistentId=doi:10.57745/LOIRH9
"<a href=""/file.xhtml?persistentId=doi:10.57745/ZNJSST&amp;version=1.0"">
                velocity5500-5599.feather
            </a>",ZNJSST,velocity5500-5599.feather,https://entrepot.recherche.data.gouv.fr/api/access/datafile/:persistentId?persistentId=doi:10.57745/ZNJSST
"<a href=""/file.xhtml?persistentId=doi:10.57745/ZMPP4Y&amp;version=1.0"">
                velocity5600-5699.feather
            </a>",ZMPP4Y,velocity5600-5699.feather,https://entrepot.recherche.data.gouv.fr/api/access/datafile/:persistentId?persistentId=doi:10.57745/ZMPP4Y
"<a href=""/file.xhtml?persistentId=doi:10.57745/4GVGTE&amp;version=1.0"">
                velocity5700-5799.feather
            </a>",4GVGTE,velocity5700-5799.feather,https://entrepot.recherche.data.gouv.fr/api/access/datafile/:persistentId?persistentId=doi:10.57745/4GVGTE
"<a href=""/file.xhtml?persistentId=doi:10.57745/S9SZ4V&amp;version=1.0"">
                velocity5800-5899.feather
            </a>",S9SZ4V,velocity5800-5899.feather,https://entrepot.recherche.data.gouv.fr/api/access/datafile/:persistentId?persistentId=doi:10.57745/S9SZ4V
"<a href=""/file.xhtml?persistentId=doi:10.57745/Y59ERH&amp;version=1.0"">
                velocity5900-5999.feather
            </a>",Y59ERH,velocity5900-5999.feather,https://entrepot.recherche.data.gouv.fr/api/access/datafile/:persistentId?persistentId=doi:10.57745/Y59ERH
"<a href=""/file.xhtml?persistentId=doi:10.57745/AOTFNS&amp;version=1.0"">
                velocity600-699.feather
            </a>",AOTFNS,velocity600-699.feather,https://entrepot.recherche.data.gouv.fr/api/access/datafile/:persistentId?persistentId=doi:10.57745/AOTFNS
"<a href=""/file.xhtml?persistentId=doi:10.57745/EKU3EC&amp;version=1.0"">
                velocity6000-6099.feather
            </a>",EKU3EC,velocity6000-6099.feather,https://entrepot.recherche.data.gouv.fr/api/access/datafile/:persistentId?persistentId=doi:10.57745/EKU3EC
"<a href=""/file.xhtml?persistentId=doi:10.57745/TUTSI4&amp;version=1.0"">
                velocity6100-6199.feather
            </a>",TUTSI4,velocity6100-6199.feather,https://entrepot.recherche.data.gouv.fr/api/access/datafile/:persistentId?persistentId=doi:10.57745/TUTSI4
"<a href=""/file.xhtml?persistentId=doi:10.57745/3TXM3Q&amp;version=1.0"">
                velocity6200-6299.feather
            </a>",3TXM3Q,velocity6200-6299.feather,https://entrepot.recherche.data.gouv.fr/api/access/datafile/:persistentId?persistentId=doi:10.57745/3TXM3Q
"<a href=""/file.xhtml?persistentId=doi:10.57745/TCLKDR&amp;version=1.0"">
                velocity6300-6399.feather
            </a>",TCLKDR,velocity6300-6399.feather,https://entrepot.recherche.data.gouv.fr/api/access/datafile/:persistentId?persistentId=doi:10.57745/TCLKDR
"<a href=""/file.xhtml?persistentId=doi:10.57745/FYWGPU&amp;version=1.0"">
                velocity6400-6499.feather
            </a>",FYWGPU,velocity6400-6499.feather,https://entrepot.recherche.data.gouv.fr/api/access/datafile/:persistentId?persistentId=doi:10.57745/FYWGPU
"<a href=""/file.xhtml?persistentId=doi:10.57745/ECAF9V&amp;version=1.0"">
                velocity6500-6599.feather
            </a>",ECAF9V,velocity6500-6599.feather,https://entrepot.recherche.data.gouv.fr/api/access/datafile/:persistentId?persistentId=doi:10.57745/ECAF9V
"<a href=""/file.xhtml?persistentId=doi:10.57745/4JYLPH&amp;version=1.0"">
                velocity6600-6699.feather
            </a>",4JYLPH,velocity6600-6699.feather,https://entrepot.recherche.data.gouv.fr/api/access/datafile/:persistentId?persistentId=doi:10.57745/4JYLPH
"<a href=""/file.xhtml?persistentId=doi:10.57745/E3GESR&amp;version=1.0"">
                velocity6700-6799.feather
            </a>",E3GESR,velocity6700-6799.feather,https://entrepot.recherche.data.gouv.fr/api/access/datafile/:persistentId?persistentId=doi:10.57745/E3GESR
"<a href=""/file.xhtml?persistentId=doi:10.57745/BOU3RZ&amp;version=1.0"">
                velocity6800-6899.feather
            </a>",BOU3RZ,velocity6800-6899.feather,https://entrepot.recherche.data.gouv.fr/api/access/datafile/:persistentId?persistentId=doi:10.57745/BOU3RZ
"<a href=""/file.xhtml?persistentId=doi:10.57745/KYAXYI&amp;version=1.0"">
                velocity6900-6999.feather
            </a>",KYAXYI,velocity6900-6999.feather,https://entrepot.recherche.data.gouv.fr/api/access/datafile/:persistentId?persistentId=doi:10.57745/KYAXYI
"<a href=""/file.xhtml?persistentId=doi:10.57745/SRL2A5&amp;version=1.0"">
                velocity700-799.feather
            </a>",SRL2A5,velocity700-799.feather,https://entrepot.recherche.data.gouv.fr/api/access/datafile/:persistentId?persistentId=doi:10.57745/SRL2A5
"<a href=""/file.xhtml?persistentId=doi:10.57745/UL6GOI&amp;version=1.0"">
                velocity7000-7099.feather
            </a>",UL6GOI,velocity7000-7099.feather,https://entrepot.recherche.data.gouv.fr/api/access/datafile/:persistentId?persistentId=doi:10.57745/UL6GOI
"<a href=""/file.xhtml?persistentId=doi:10.57745/HLJROU&amp;version=1.0"">
                velocity7100-7199.feather
            </a>",HLJROU,velocity7100-7199.feather,https://entrepot.recherche.data.gouv.fr/api/access/datafile/:persistentId?persistentId=doi:10.57745/HLJROU
"<a href=""/file.xhtml?persistentId=doi:10.57745/XNI52Y&amp;version=1.0"">
                velocity7200-7299.feather
            </a>",XNI52Y,velocity7200-7299.feather,https://entrepot.recherche.data.gouv.fr/api/access/datafile/:persistentId?persistentId=doi:10.57745/XNI52Y
"<a href=""/file.xhtml?persistentId=doi:10.57745/OVZHN8&amp;version=1.0"">
                velocity7300-7399.feather
            </a>",OVZHN8,velocity7300-7399.feather,https://entrepot.recherche.data.gouv.fr/api/access/datafile/:persistentId?persistentId=doi:10.57745/OVZHN8
"<a href=""/file.xhtml?persistentId=doi:10.57745/HDENDI&amp;version=1.0"">
                velocity7400-7499.feather
            </a>",HDENDI,velocity7400-7499.feather,https://entrepot.recherche.data.gouv.fr/api/access/datafile/:persistentId?persistentId=doi:10.57745/HDENDI
"<a href=""/file.xhtml?persistentId=doi:10.57745/WFLHAW&amp;version=1.0"">
                velocity7500-7599.feather
            </a>",WFLHAW,velocity7500-7599.feather,https://entrepot.recherche.data.gouv.fr/api/access/datafile/:persistentId?persistentId=doi:10.57745/WFLHAW
"<a href=""/file.xhtml?persistentId=doi:10.57745/K9Z41Q&amp;version=1.0"">
                velocity7600-7699.feather
            </a>",K9Z41Q,velocity7600-7699.feather,https://entrepot.recherche.data.gouv.fr/api/access/datafile/:persistentId?persistentId=doi:10.57745/K9Z41Q
"<a href=""/file.xhtml?persistentId=doi:10.57745/WXICWT&amp;version=1.0"">
                velocity7700-7799.feather
            </a>",WXICWT,velocity7700-7799.feather,https://entrepot.recherche.data.gouv.fr/api/access/datafile/:persistentId?persistentId=doi:10.57745/WXICWT
"<a href=""/file.xhtml?persistentId=doi:10.57745/3W6NDB&amp;version=1.0"">
                velocity7800-7899.feather
            </a>",3W6NDB,velocity7800-7899.feather,https://entrepot.recherche.data.gouv.fr/api/access/datafile/:persistentId?persistentId=doi:10.57745/3W6NDB
"<a href=""/file.xhtml?persistentId=doi:10.57745/NG8CQL&amp;version=1.0"">
                velocity7900-7999.feather
            </a>",NG8CQL,velocity7900-7999.feather,https://entrepot.recherche.data.gouv.fr/api/access/datafile/:persistentId?persistentId=doi:10.57745/NG8CQL
"<a href=""/file.xhtml?persistentId=doi:10.57745/O6TXJU&amp;version=1.0"">
                velocity800-899.feather
            </a>",O6TXJU,velocity800-899.feather,https://entrepot.recherche.data.gouv.fr/api/access/datafile/:persistentId?persistentId=doi:10.57745/O6TXJU
"<a href=""/file.xhtml?persistentId=doi:10.57745/6DKPN1&amp;version=1.0"">
                velocity8000-8099.feather
            </a>",6DKPN1,velocity8000-8099.feather,https://entrepot.recherche.data.gouv.fr/api/access/datafile/:persistentId?persistentId=doi:10.57745/6DKPN1
"<a href=""/file.xhtml?persistentId=doi:10.57745/JP6M4J&amp;version=1.0"">
                velocity8100-8199.feather
            </a>",JP6M4J,velocity8100-8199.feather,https://entrepot.recherche.data.gouv.fr/api/access/datafile/:persistentId?persistentId=doi:10.57745/JP6M4J
"<a href=""/file.xhtml?persistentId=doi:10.57745/WD3UIV&amp;version=1.0"">
                velocity8200-8299.feather
            </a>",WD3UIV,velocity8200-8299.feather,https://entrepot.recherche.data.gouv.fr/api/access/datafile/:persistentId?persistentId=doi:10.57745/WD3UIV
"<a href=""/file.xhtml?persistentId=doi:10.57745/WFJOEH&amp;version=1.0"">
                velocity8300-8399.feather
            </a>",WFJOEH,velocity8300-8399.feather,https://entrepot.recherche.data.gouv.fr/api/access/datafile/:persistentId?persistentId=doi:10.57745/WFJOEH
"<a href=""/file.xhtml?persistentId=doi:10.57745/GH4EE4&amp;version=1.0"">
                velocity8400-8499.feather
            </a>",GH4EE4,velocity8400-8499.feather,https://entrepot.recherche.data.gouv.fr/api/access/datafile/:persistentId?persistentId=doi:10.57745/GH4EE4
"<a href=""/file.xhtml?persistentId=doi:10.57745/6R65AA&amp;version=1.0"">
                velocity8500-8599.feather
            </a>",6R65AA,velocity8500-8599.feather,https://entrepot.recherche.data.gouv.fr/api/access/datafile/:persistentId?persistentId=doi:10.57745/6R65AA
"<a href=""/file.xhtml?persistentId=doi:10.57745/XCXTW8&amp;version=1.0"">
                velocity8600-8699.feather
            </a>",XCXTW8,velocity8600-8699.feather,https://entrepot.recherche.data.gouv.fr/api/access/datafile/:persistentId?persistentId=doi:10.57745/XCXTW8
"<a href=""/file.xhtml?persistentId=doi:10.57745/UIENRB&amp;version=1.0"">
                velocity8700-8799.feather
            </a>",UIENRB,velocity8700-8799.feather,https://entrepot.recherche.data.gouv.fr/api/access/datafile/:persistentId?persistentId=doi:10.57745/UIENRB
"<a href=""/file.xhtml?persistentId=doi:10.57745/BB770W&amp;version=1.0"">
                velocity8800-8899.feather
            </a>",BB770W,velocity8800-8899.feather,https://entrepot.recherche.data.gouv.fr/api/access/datafile/:persistentId?persistentId=doi:10.57745/BB770W
"<a href=""/file.xhtml?persistentId=doi:10.57745/ABLUXQ&amp;version=1.0"">
                velocity8900-8999.feather
            </a>",ABLUXQ,velocity8900-8999.feather,https://entrepot.recherche.data.gouv.fr/api/access/datafile/:persistentId?persistentId=doi:10.57745/ABLUXQ
"<a href=""/file.xhtml?persistentId=doi:10.57745/EDWHM2&amp;version=1.0"">
                velocity900-999.feather
            </a>",EDWHM2,velocity900-999.feather,https://entrepot.recherche.data.gouv.fr/api/access/datafile/:persistentId?persistentId=doi:10.57745/EDWHM2
"<a href=""/file.xhtml?persistentId=doi:10.57745/2CNWAN&amp;version=1.0"">
                velocity9000-9099.feather
            </a>",2CNWAN,velocity9000-9099.feather,https://entrepot.recherche.data.gouv.fr/api/access/datafile/:persistentId?persistentId=doi:10.57745/2CNWAN
"<a href=""/file.xhtml?persistentId=doi:10.57745/CN7UEA&amp;version=1.0"">
                velocity9100-9199.feather
            </a>",CN7UEA,velocity9100-9199.feather,https://entrepot.recherche.data.gouv.fr/api/access/datafile/:persistentId?persistentId=doi:10.57745/CN7UEA
"<a href=""/file.xhtml?persistentId=doi:10.57745/GJSPRR&amp;version=1.0"">
                velocity9200-9299.feather
            </a>",GJSPRR,velocity9200-9299.feather,https://entrepot.recherche.data.gouv.fr/api/access/datafile/:persistentId?persistentId=doi:10.57745/GJSPRR
"<a href=""/file.xhtml?persistentId=doi:10.57745/XRBR92&amp;version=1.0"">
                velocity9300-9399.feather
            </a>",XRBR92,velocity9300-9399.feather,https://entrepot.recherche.data.gouv.fr/api/access/datafile/:persistentId?persistentId=doi:10.57745/XRBR92
"<a href=""/file.xhtml?persistentId=doi:10.57745/VDDJKV&amp;version=1.0"">
                velocity9400-9499.feather
            </a>",VDDJKV,velocity9400-9499.feather,https://entrepot.recherche.data.gouv.fr/api/access/datafile/:persistentId?persistentId=doi:10.57745/VDDJKV
"<a href=""/file.xhtml?persistentId=doi:10.57745/PAWTNQ&amp;version=1.0"">
                velocity9500-9599.feather
            </a>",PAWTNQ,velocity9500-9599.feather,https://entrepot.recherche.data.gouv.fr/api/access/datafile/:persistentId?persistentId=doi:10.57745/PAWTNQ
"<a href=""/file.xhtml?persistentId=doi:10.57745/I1MJPU&amp;version=1.0"">
                velocity9600-9699.feather
            </a>",I1MJPU,velocity9600-9699.feather,https://entrepot.recherche.data.gouv.fr/api/access/datafile/:persistentId?persistentId=doi:10.57745/I1MJPU
"<a href=""/file.xhtml?persistentId=doi:10.57745/QFQIZ8&amp;version=1.0"">
                velocity9700-9799.feather
            </a>",QFQIZ8,velocity9700-9799.feather,https://entrepot.recherche.data.gouv.fr/api/access/datafile/:persistentId?persistentId=doi:10.57745/QFQIZ8
"<a href=""/file.xhtml?persistentId=doi:10.57745/QZ31YE&amp;version=1.0"">
                velocity9800-9899.feather
            </a>",QZ31YE,velocity9800-9899.feather,https://entrepot.recherche.data.gouv.fr/api/access/datafile/:persistentId?persistentId=doi:10.57745/QZ31YE
"<a href=""/file.xhtml?persistentId=doi:10.57745/PRTPPM&amp;version=1.0"">
                velocity9900-9999.feather
            </a>",PRTPPM,velocity9900-9999.feather,https://entrepot.recherche.data.gouv.fr/api/access/datafile/:persistentId?persistentId=doi:10.57745/PRTPPM
